background_style,lighting_style,camera_angle,prop_style,callout_text
pure white seamless studio,bright high-key studio lighting,front-facing hero shot,no props — fully isolated product,clean version with no external text
soft gradient background,natural morning light with warm glow,slight 3/4 angle,blurred breakfast elements (fruit, oatmeal, water),nutritional callouts as floating graphics
marble kitchen countertop,cool neutral lighting,elevated perspective,dynamic pouring splash effect,include flavor burst text ("Rich Chocolate Flavor")
light wood kitchen countertop,slight vignette,straight-on eye-level,no props — fully isolated product,clean version with no external text
modern kitchen blurred,natural morning light with warm glow,3/4 angle,floating nutritional callout bubbles,nutritional callouts as floating graphics